workers,jobs,makespan_s,speedup,efficiency,avg_worker_load_s,max_worker_load_s
1,50,6.35,1.0,1.0,6.35,6.35
2,50,3.23,1.965944,0.982972,3.175,3.23
3,50,2.21,2.873303,0.957768,2.116667,2.21
4,50,1.72,3.69186,0.922965,1.5875,1.72
6,50,1.18,5.381356,0.896893,1.058333,1.18
8,50,0.95,6.684211,0.835526,0.79375,0.95
