{
  "w1": 2.9973935983468434,
  "w2": -2.005194541924946,
  "b": 1.5171605225077045,
  "lr": 0.08,
  "epochs": 600
}